5664	16390	10726	IslandPath-DIMOB			PHAYL_00005	5664	6824	-1	hypothetical protein	
5664	16390	10726	IslandPath-DIMOB			PHAYL_00006	6821	7762	-1	hypothetical protein	
5664	16390	10726	IslandPath-DIMOB			PHAYL_00007	7765	8772	-1	hypothetical protein	
5664	16390	10726	IslandPath-DIMOB			PHAYL_00008	8967	9803	-1	insertion element protein	
5664	16390	10726	IslandPath-DIMOB			PHAYL_00009	9800	10066	-1	transposase	
5664	16390	10726	IslandPath-DIMOB			PHAYL_00010	10164	10427	1	transposase	
5664	16390	10726	IslandPath-DIMOB			PHAYL_00011	10460	11143	1	hypothetical protein	
5664	16390	10726	IslandPath-DIMOB			PHAYL_00012	11335	11583	-1	hypothetical protein	
5664	16390	10726	IslandPath-DIMOB			PHAYL_00013	12010	12252	1	hypothetical protein	
5664	16390	10726	IslandPath-DIMOB			PHAYL_00014	12246	14003	-1	hypothetical protein	
5664	16390	10726	IslandPath-DIMOB			PHAYL_00015	14666	14947	1	hypothetical protein	
5664	16390	10726	IslandPath-DIMOB			PHAYL_00016	15644	16390	-1	hypothetical protein	
151615	161585	9970	IslandPath-DIMOB			PHAYL_00142	151615	151878	-1	hypothetical protein	
151615	161585	9970	IslandPath-DIMOB			PHAYL_00143	151875	152351	-1	hypothetical protein	
151615	161585	9970	IslandPath-DIMOB			PHAYL_00144	152957	153502	1	hypothetical protein	
151615	161585	9970	IslandPath-DIMOB			PHAYL_00145	153528	154040	1	hypothetical protein	
151615	161585	9970	IslandPath-DIMOB			PHAYL_00146	154072	157164	-1	hypothetical protein	
151615	161585	9970	IslandPath-DIMOB			PHAYL_00147	157232	158101	-1	hypothetical protein	
151615	161585	9970	IslandPath-DIMOB			PHAYL_00148	158098	158916	-1	hypothetical protein	
151615	161585	9970	IslandPath-DIMOB			PHAYL_00149	158973	159308	-1	plasmid recombinase	
151615	161585	9970	IslandPath-DIMOB			PHAYL_00150	159316	160107	-1	hypothetical protein	
151615	161585	9970	IslandPath-DIMOB			PHAYL_00151	160617	161585	-1	hydrolase	
456312	482428	26116	IslandPath-DIMOB		glmS1	PHAYL_00414	456312	458129	1	glucosamine--fructose-6-phosphate aminotransferase	
456312	482428	26116	IslandPath-DIMOB			PHAYL_00415	458144	458353	-1	hypothetical protein	
456312	482428	26116	IslandPath-DIMOB			PHAYL_00416	458481	459803	-1	transposase	
456312	482428	26116	IslandPath-DIMOB			PHAYL_00417	459873	460205	1	IS3 family transposase IS1416	
456312	482428	26116	IslandPath-DIMOB			PHAYL_00418	460382	465139	1	hypothetical protein	
456312	482428	26116	IslandPath-DIMOB			PHAYL_00419	465136	465561	1	hypothetical protein	
456312	482428	26116	IslandPath-DIMOB			PHAYL_00420	465807	465968	-1	hypothetical protein	
456312	482428	26116	IslandPath-DIMOB			PHAYL_00421	466156	466509	1	hypothetical protein	
456312	482428	26116	IslandPath-DIMOB			PHAYL_00422	466907	468991	1	Rhs-related membrane protein	
456312	482428	26116	IslandPath-DIMOB			PHAYL_00423	468994	469176	1	hypothetical protein	
456312	482428	26116	IslandPath-DIMOB			PHAYL_00424	469446	469634	-1	transposase	
456312	482428	26116	IslandPath-DIMOB			PHAYL_00425	470390	471217	1	hypothetical protein	
456312	482428	26116	IslandPath-DIMOB			PHAYL_00426	471214	471468	1	hypothetical protein	
456312	482428	26116	IslandPath-DIMOB			PHAYL_00427	471910	472050	1	hypothetical protein	
456312	482428	26116	IslandPath-DIMOB			PHAYL_00428	472443	472739	1	transposase	
456312	482428	26116	IslandPath-DIMOB			PHAYL_00429	472736	473353	1	IS element protein	
456312	482428	26116	IslandPath-DIMOB			PHAYL_00430	473979	474509	1	hypothetical protein	
456312	482428	26116	IslandPath-DIMOB			PHAYL_00431	474323	474838	-1	hypothetical protein	
456312	482428	26116	IslandPath-DIMOB			PHAYL_00432	475620	476378	-1	hypothetical protein	
456312	482428	26116	IslandPath-DIMOB			PHAYL_00433	476988	480998	1	hypothetical protein	
456312	482428	26116	IslandPath-DIMOB			PHAYL_00434	481011	481214	1	IS3 family transposase IS1416	
456312	482428	26116	IslandPath-DIMOB			PHAYL_00435	481266	481574	1	transposase	
456312	482428	26116	IslandPath-DIMOB			PHAYL_00436	481688	482428	1	IS element protein	
898122	917683	19561	IslandPath-DIMOB			PHAYL_00831	898122	899054	-1	hypothetical protein	
898122	917683	19561	IslandPath-DIMOB		mhpE	PHAYL_00832	899183	900214	-1	4-hydroxy-2-ketovalerate aldolase	
898122	917683	19561	IslandPath-DIMOB		bphJ	PHAYL_00833	900226	900441	-1	Acetaldehyde dehydrogenase 4	
898122	917683	19561	IslandPath-DIMOB		mhpF	PHAYL_00834	900399	901124	-1	acetaldehyde dehydrogenase	
898122	917683	19561	IslandPath-DIMOB		hpcG	PHAYL_00835	901138	901920	-1	2-oxo-hepta-3-ene-1,7-dioic acid hydratase	
898122	917683	19561	IslandPath-DIMOB			PHAYL_00836	902021	903403	-1	hypothetical protein	
898122	917683	19561	IslandPath-DIMOB			PHAYL_00837	903443	905020	-1	hypothetical protein	
898122	917683	19561	IslandPath-DIMOB			PHAYL_00838	905127	905921	-1	short chain dehydrogenase	
898122	917683	19561	IslandPath-DIMOB		hsaD	PHAYL_00839	906062	906904	1	4,5:9,10-diseco-3-hydroxy-5,9, 17-trioxoandrosta-1(10),2-diene-4-oate hydrolase	
898122	917683	19561	IslandPath-DIMOB			PHAYL_00840	906963	907751	1	short chain dehydrogenase	
898122	917683	19561	IslandPath-DIMOB			PHAYL_00841	907793	908509	-1	hypothetical protein	
898122	917683	19561	IslandPath-DIMOB			PHAYL_00842	908877	909086	1	hypothetical protein	
898122	917683	19561	IslandPath-DIMOB		ifcA	PHAYL_00843	909097	910587	1	Fumarate reductase flavoprotein subunit	
898122	917683	19561	IslandPath-DIMOB			PHAYL_00844	910733	911170	-1	hypothetical protein	
898122	917683	19561	IslandPath-DIMOB			PHAYL_00845	911157	911756	-1	hypothetical protein	
898122	917683	19561	IslandPath-DIMOB			PHAYL_00846	911756	912304	-1	bacteriophage gp29 protein	
898122	917683	19561	IslandPath-DIMOB			PHAYL_00847	912638	912904	1	transposase	
898122	917683	19561	IslandPath-DIMOB			PHAYL_00848	912925	913725	1	transposase	
898122	917683	19561	IslandPath-DIMOB			PHAYL_00849	913999	915048	1	hypothetical protein	
898122	917683	19561	IslandPath-DIMOB			PHAYL_00850	915207	916037	1	hypothetical protein	
898122	917683	19561	IslandPath-DIMOB			PHAYL_00851	915994	916476	-1	hypothetical protein	
898122	917683	19561	IslandPath-DIMOB		cpoB_1	PHAYL_00853	916931	917683	-1	Cell division coordinator CpoB	
1151154	1163248	12094	IslandPath-DIMOB			PHAYL_01080	1150321	1151157	-1	AraC family transcriptional regulator	
1151154	1163248	12094	IslandPath-DIMOB			PHAYL_01081	1151154	1151534	-1	hypothetical protein	
1151154	1163248	12094	IslandPath-DIMOB			PHAYL_01082	1151534	1152070	-1	IS630 family transposase ISMex18	
1151154	1163248	12094	IslandPath-DIMOB			PHAYL_01083	1152303	1152644	-1	IS5 family transposase ISAau3	
1151154	1163248	12094	IslandPath-DIMOB			PHAYL_01084	1152796	1153080	-1	hypothetical protein	
1151154	1163248	12094	IslandPath-DIMOB			PHAYL_01085	1153564	1154469	1	transmembrane protein	
1151154	1163248	12094	IslandPath-DIMOB			PHAYL_01086	1154531	1155235	1	hypothetical protein	
1151154	1163248	12094	IslandPath-DIMOB			PHAYL_01087	1155244	1155924	1	Pyridoxal phosphate homeostasis protein	
1151154	1163248	12094	IslandPath-DIMOB			PHAYL_01088	1155921	1158026	1	NADH:flavin oxidoreductase / NADH oxidase	
1151154	1163248	12094	IslandPath-DIMOB		trpD_2	PHAYL_01089	1158091	1159164	1	anthranilate phosphoribosyltransferase	
1151154	1163248	12094	IslandPath-DIMOB		trpC_2	PHAYL_01090	1159176	1159967	1	indole-3-glycerol phosphate synthase	
1151154	1163248	12094	IslandPath-DIMOB		lysA_2	PHAYL_01091	1160024	1161310	1	Diaminopimelate decarboxylase	
1151154	1163248	12094	IslandPath-DIMOB			PHAYL_01092	1161450	1161893	1	hypothetical protein	
1151154	1163248	12094	IslandPath-DIMOB			PHAYL_01093	1162321	1162710	1	hypothetical protein	
1151154	1163248	12094	IslandPath-DIMOB			PHAYL_01094	1162790	1163248	1	NUDIX family hydrolase	
1709499	1727821	18322	IslandPath-DIMOB			PHAYL_01579	1709499	1710470	-1	hypothetical protein	
1709499	1727821	18322	IslandPath-DIMOB			PHAYL_01580	1710586	1711578	1	hypothetical protein	
1709499	1727821	18322	IslandPath-DIMOB			PHAYL_01581	1711455	1712219	-1	hypothetical protein	
1709499	1727821	18322	IslandPath-DIMOB			PHAYL_01582	1712417	1712698	1	hypothetical protein	
1709499	1727821	18322	IslandPath-DIMOB			PHAYL_01583	1712714	1712950	1	hypothetical protein	
1709499	1727821	18322	IslandPath-DIMOB			PHAYL_01584	1712955	1713365	1	hypothetical protein	
1709499	1727821	18322	IslandPath-DIMOB		traL	PHAYL_01585	1713365	1714090	1	Protein TraL	
1709499	1727821	18322	IslandPath-DIMOB			PHAYL_01586	1714554	1715258	1	conjugal transfer protein TrbJ	
1709499	1727821	18322	IslandPath-DIMOB			PHAYL_01587	1715273	1715449	1	hypothetical protein	
1709499	1727821	18322	IslandPath-DIMOB			PHAYL_01588	1715473	1716981	1	hypothetical protein	
1709499	1727821	18322	IslandPath-DIMOB			PHAYL_01589	1716999	1717259	1	hypothetical protein	
1709499	1727821	18322	IslandPath-DIMOB			PHAYL_01590	1717628	1718548	1	hypothetical protein	
1709499	1727821	18322	IslandPath-DIMOB			PHAYL_01591	1718545	1718796	1	hypothetical protein	
1709499	1727821	18322	IslandPath-DIMOB			PHAYL_01592	1718793	1720514	1	hypothetical protein	
1709499	1727821	18322	IslandPath-DIMOB			PHAYL_01593	1720555	1721004	1	hypothetical protein	
1709499	1727821	18322	IslandPath-DIMOB			PHAYL_01594	1721480	1721650	-1	hypothetical protein	
1709499	1727821	18322	IslandPath-DIMOB			PHAYL_01595	1721668	1721841	-1	hypothetical protein	
1709499	1727821	18322	IslandPath-DIMOB			PHAYL_01596	1721834	1722100	-1	hypothetical protein	
1709499	1727821	18322	IslandPath-DIMOB			PHAYL_01597	1722141	1722833	1	hypothetical protein	
1709499	1727821	18322	IslandPath-DIMOB			PHAYL_01598	1723259	1723912	1	hypothetical protein	
1709499	1727821	18322	IslandPath-DIMOB			PHAYL_01599	1723992	1725170	-1	hypothetical protein	
1709499	1727821	18322	IslandPath-DIMOB		bin3	PHAYL_01600	1725488	1726156	-1	Putative transposon Tn552 DNA-invertase bin3	
1709499	1727821	18322	IslandPath-DIMOB			PHAYL_01601	1726153	1726470	-1	hypothetical protein	
1709499	1727821	18322	IslandPath-DIMOB			PHAYL_01602	1726649	1726987	1	hypothetical protein	
1709499	1727821	18322	IslandPath-DIMOB			PHAYL_01603	1726984	1727265	1	hypothetical protein	
1709499	1727821	18322	IslandPath-DIMOB		parE_1	PHAYL_01604	1727528	1727821	-1	Toxin ParE	
1709499	1727821	18322	IslandPath-DIMOB			PHAYL_01605	1727818	1728060	-1	hypothetical protein	
1784674	1852999	68325	IslandPath-DIMOB			PHAYL_01651	1784674	1786428	-1	activator/secretion protein	
1784674	1852999	68325	IslandPath-DIMOB			PHAYL_01652	1786540	1786734	1	hypothetical protein	
1784674	1852999	68325	IslandPath-DIMOB			PHAYL_01653	1786933	1787064	1	hypothetical protein	
1784674	1852999	68325	IslandPath-DIMOB			PHAYL_01654	1787209	1787472	-1	hypothetical protein	
1784674	1852999	68325	IslandPath-DIMOB			PHAYL_01655	1787498	1787608	-1	hypothetical protein	
1784674	1852999	68325	IslandPath-DIMOB			PHAYL_01656	1787646	1787879	-1	hypothetical protein	
1784674	1852999	68325	IslandPath-DIMOB			PHAYL_01657	1788134	1788349	-1	hypothetical protein	
1784674	1852999	68325	IslandPath-DIMOB			PHAYL_01658	1788346	1789425	-1	hypothetical protein	
1784674	1852999	68325	IslandPath-DIMOB		xerD_1	PHAYL_01659	1790367	1791428	-1	site-specific tyrosine recombinase XerD	
1784674	1852999	68325	IslandPath-DIMOB		dnaG_3	PHAYL_01660	1791431	1794502	-1	DNA primase	
1784674	1852999	68325	IslandPath-DIMOB			PHAYL_01661	1794642	1794998	1	hypothetical protein	
1784674	1852999	68325	IslandPath-DIMOB			PHAYL_01662	1795104	1795334	1	hypothetical protein	
1784674	1852999	68325	IslandPath-DIMOB			PHAYL_01663	1795614	1796693	-1	hypothetical protein	
1784674	1852999	68325	IslandPath-DIMOB		xerD_2	PHAYL_01664	1797653	1798714	-1	site-specific tyrosine recombinase XerD	
1784674	1852999	68325	IslandPath-DIMOB		dnaG_4	PHAYL_01665	1798717	1801776	-1	DNA primase	
1784674	1852999	68325	IslandPath-DIMOB			PHAYL_01666	1801892	1802281	1	hypothetical protein	
1784674	1852999	68325	IslandPath-DIMOB			PHAYL_01667	1802374	1802694	1	hypothetical protein	
1784674	1852999	68325	IslandPath-DIMOB			PHAYL_01668	1802737	1802859	-1	hypothetical protein	
1784674	1852999	68325	IslandPath-DIMOB			PHAYL_01669	1802862	1803707	-1	hypothetical protein	
1784674	1852999	68325	IslandPath-DIMOB		xerD_3	PHAYL_01670	1804649	1805710	-1	site-specific tyrosine recombinase XerD	
1784674	1852999	68325	IslandPath-DIMOB		dnaG_5	PHAYL_01671	1805710	1808769	-1	DNA primase	
1784674	1852999	68325	IslandPath-DIMOB			PHAYL_01672	1808885	1809274	1	hypothetical protein	
1784674	1852999	68325	IslandPath-DIMOB			PHAYL_01673	1809367	1809687	1	hypothetical protein	
1784674	1852999	68325	IslandPath-DIMOB			PHAYL_01674	1809731	1809862	-1	hypothetical protein	
1784674	1852999	68325	IslandPath-DIMOB			PHAYL_01675	1809856	1810701	-1	hypothetical protein	
1784674	1852999	68325	IslandPath-DIMOB		xerD_4	PHAYL_01676	1811661	1812713	-1	site-specific tyrosine recombinase XerD	
1784674	1852999	68325	IslandPath-DIMOB		dnaG_6	PHAYL_01677	1812716	1815814	-1	DNA primase	
1784674	1852999	68325	IslandPath-DIMOB			PHAYL_01678	1815855	1816334	1	hypothetical protein	
1784674	1852999	68325	IslandPath-DIMOB			PHAYL_01679	1816435	1816674	1	hypothetical protein	
1784674	1852999	68325	IslandPath-DIMOB			PHAYL_01680	1816720	1817007	-1	hypothetical protein	
1784674	1852999	68325	IslandPath-DIMOB			PHAYL_01681	1817004	1817891	-1	hypothetical protein	
1784674	1852999	68325	IslandPath-DIMOB		xerD_5	PHAYL_01682	1818852	1819913	-1	site-specific tyrosine recombinase XerD	
1784674	1852999	68325	IslandPath-DIMOB		dnaG_7	PHAYL_01683	1819916	1823014	-1	DNA primase	
1784674	1852999	68325	IslandPath-DIMOB			PHAYL_01684	1823055	1823534	1	hypothetical protein	
1784674	1852999	68325	IslandPath-DIMOB			PHAYL_01685	1823635	1823874	1	hypothetical protein	
1784674	1852999	68325	IslandPath-DIMOB			PHAYL_01686	1823920	1824207	-1	hypothetical protein	
1784674	1852999	68325	IslandPath-DIMOB			PHAYL_01687	1824204	1825091	-1	hypothetical protein	
1784674	1852999	68325	IslandPath-DIMOB		xerD_6	PHAYL_01688	1826033	1827094	-1	site-specific tyrosine recombinase XerD	
1784674	1852999	68325	IslandPath-DIMOB		dnaG_8	PHAYL_01689	1827094	1830153	-1	DNA primase	
1784674	1852999	68325	IslandPath-DIMOB			PHAYL_01690	1830293	1830649	1	hypothetical protein	
1784674	1852999	68325	IslandPath-DIMOB			PHAYL_01691	1830755	1830985	1	hypothetical protein	
1784674	1852999	68325	IslandPath-DIMOB			PHAYL_01692	1831265	1832344	-1	hypothetical protein	
1784674	1852999	68325	IslandPath-DIMOB		xerD_7	PHAYL_01693	1833288	1834349	-1	site-specific tyrosine recombinase XerD	
1784674	1852999	68325	IslandPath-DIMOB		dnaG_9	PHAYL_01694	1834352	1837423	-1	DNA primase	
1784674	1852999	68325	IslandPath-DIMOB			PHAYL_01695	1837563	1837919	1	hypothetical protein	
1784674	1852999	68325	IslandPath-DIMOB			PHAYL_01696	1838025	1838255	1	hypothetical protein	
1784674	1852999	68325	IslandPath-DIMOB			PHAYL_01697	1838535	1839614	-1	hypothetical protein	
1784674	1852999	68325	IslandPath-DIMOB		xerD_8	PHAYL_01698	1840617	1841678	-1	site-specific tyrosine recombinase XerD	
1784674	1852999	68325	IslandPath-DIMOB		dnaG_10	PHAYL_01699	1841681	1844761	-1	DNA primase	
1784674	1852999	68325	IslandPath-DIMOB			PHAYL_01700	1844864	1845250	1	hypothetical protein	
1784674	1852999	68325	IslandPath-DIMOB			PHAYL_01701	1845341	1845580	1	hypothetical protein	
1784674	1852999	68325	IslandPath-DIMOB			PHAYL_01702	1845904	1846791	-1	hypothetical protein	
1784674	1852999	68325	IslandPath-DIMOB		xerD_9	PHAYL_01703	1847745	1848806	-1	site-specific tyrosine recombinase XerD	
1784674	1852999	68325	IslandPath-DIMOB		dnaG_11	PHAYL_01704	1848806	1851853	-1	DNA primase	
1784674	1852999	68325	IslandPath-DIMOB			PHAYL_01705	1851956	1852342	1	hypothetical protein	
1784674	1852999	68325	IslandPath-DIMOB			PHAYL_01706	1852433	1852672	1	hypothetical protein	
1784674	1852999	68325	IslandPath-DIMOB			PHAYL_01707	1852718	1852999	-1	hypothetical protein	
1784674	1852999	68325	IslandPath-DIMOB			PHAYL_01708	1852996	1862202	-1	cell surface protein	
2224651	2234294	9643	IslandPath-DIMOB			PHAYL_02040	2224651	2225571	-1	membrane fimbriae assembly protein	
2224651	2234294	9643	IslandPath-DIMOB			PHAYL_02041	2225675	2226160	-1	hypothetical protein	
2224651	2234294	9643	IslandPath-DIMOB			PHAYL_02042	2226157	2226660	-1	hypothetical protein	
2224651	2234294	9643	IslandPath-DIMOB			PHAYL_02043	2226819	2227028	-1	hypothetical protein	
2224651	2234294	9643	IslandPath-DIMOB			PHAYL_02044	2228049	2229782	1	hypothetical protein	
2224651	2234294	9643	IslandPath-DIMOB			PHAYL_02045	2230090	2231775	1	exported heme utilization-like protein	
2224651	2234294	9643	IslandPath-DIMOB			PHAYL_02046	2231980	2232468	1	hypothetical protein	
2224651	2234294	9643	IslandPath-DIMOB			PHAYL_02047	2232615	2233061	-1	hypothetical protein	
2224651	2234294	9643	IslandPath-DIMOB		zapE	PHAYL_02048	2233197	2234294	-1	Cell division protein ZapE	
2832303	2884798	52495	IslandPath-DIMOB			PHAYL_02562	2832134	2832334	-1	hypothetical protein	
2832303	2884798	52495	IslandPath-DIMOB			PHAYL_02563	2832303	2832587	-1	hypothetical protein	
2832303	2884798	52495	IslandPath-DIMOB			PHAYL_02564	2832640	2832837	1	hypothetical protein	
2832303	2884798	52495	IslandPath-DIMOB			PHAYL_02565	2833377	2834177	-1	transposase	
2832303	2884798	52495	IslandPath-DIMOB			PHAYL_02566	2834198	2834464	-1	transposase	
2832303	2884798	52495	IslandPath-DIMOB			PHAYL_02567	2834526	2834798	-1	hypothetical protein	
2832303	2884798	52495	IslandPath-DIMOB			PHAYL_02568	2834969	2835415	-1	hypothetical protein	
2832303	2884798	52495	IslandPath-DIMOB			PHAYL_02569	2835415	2837247	-1	hypothetical protein	
2832303	2884798	52495	IslandPath-DIMOB			PHAYL_02570	2837238	2837537	-1	hypothetical protein	
2832303	2884798	52495	IslandPath-DIMOB			PHAYL_02571	2837537	2838049	-1	Rhs-related membrane protein	
2832303	2884798	52495	IslandPath-DIMOB			PHAYL_02572	2838381	2838623	-1	hypothetical protein	
2832303	2884798	52495	IslandPath-DIMOB			PHAYL_02573	2838620	2843365	-1	hypothetical protein	
2832303	2884798	52495	IslandPath-DIMOB		tssM-2	PHAYL_02574	2843636	2847265	-1	type VI secretion system protein TssM-2	
2832303	2884798	52495	IslandPath-DIMOB			PHAYL_02575	2847262	2848725	-1	hypothetical protein	
2832303	2884798	52495	IslandPath-DIMOB			PHAYL_02576	2848722	2849444	-1	hypothetical protein	
2832303	2884798	52495	IslandPath-DIMOB		norR	PHAYL_02577	2849441	2851009	-1	Anaerobic nitric oxide reductase transcription regulator NorR	
2832303	2884798	52495	IslandPath-DIMOB		tssH-1_2	PHAYL_02578	2851018	2853771	-1	type VI secretion system protein TssH-1	
2832303	2884798	52495	IslandPath-DIMOB		tssB-5_2	PHAYL_02579	2854117	2854623	1	type VI secretion system protein TssB-5	
2832303	2884798	52495	IslandPath-DIMOB		tssC-5_2	PHAYL_02580	2854674	2856149	1	type VI secretion system protein TssC-5	
2832303	2884798	52495	IslandPath-DIMOB			PHAYL_02581	2856146	2856595	1	hypothetical protein	
2832303	2884798	52495	IslandPath-DIMOB		tssF-5_2	PHAYL_02582	2856629	2858395	1	type VI secretion system protein TssF-5	
2832303	2884798	52495	IslandPath-DIMOB		tssG-5_2	PHAYL_02583	2858359	2859381	1	type VI secretion system protein TssG-5	
2832303	2884798	52495	IslandPath-DIMOB			PHAYL_02584	2859378	2860718	1	hypothetical protein	
2832303	2884798	52495	IslandPath-DIMOB			PHAYL_02585	2860715	2861797	1	hypothetical protein	
2832303	2884798	52495	IslandPath-DIMOB		tssK-2	PHAYL_02586	2861794	2863137	1	type VI secretion system protein TssK-2	
2832303	2884798	52495	IslandPath-DIMOB			PHAYL_02587	2863139	2863972	1	hypothetical protein	
2832303	2884798	52495	IslandPath-DIMOB			PHAYL_02588	2864068	2867001	1	hypothetical protein	
2832303	2884798	52495	IslandPath-DIMOB			PHAYL_02589	2867095	2871945	1	hypothetical protein	
2832303	2884798	52495	IslandPath-DIMOB			PHAYL_02590	2871998	2872294	1	hypothetical protein	
2832303	2884798	52495	IslandPath-DIMOB			PHAYL_02591	2872456	2873367	1	hypothetical protein	
2832303	2884798	52495	IslandPath-DIMOB			PHAYL_02592	2873698	2874573	1	hypothetical protein	
2832303	2884798	52495	IslandPath-DIMOB			PHAYL_02593	2874724	2875509	1	hypothetical protein	
2832303	2884798	52495	IslandPath-DIMOB			PHAYL_02594	2875502	2880187	1	hypothetical protein	
2832303	2884798	52495	IslandPath-DIMOB			PHAYL_02595	2880156	2880656	1	hypothetical protein	
2832303	2884798	52495	IslandPath-DIMOB			PHAYL_02596	2880653	2881981	1	hypothetical protein	
2832303	2884798	52495	IslandPath-DIMOB			PHAYL_02597	2882029	2882457	1	hypothetical protein	
2832303	2884798	52495	IslandPath-DIMOB			PHAYL_02598	2882523	2882987	1	hypothetical protein	
2832303	2884798	52495	IslandPath-DIMOB			PHAYL_02599	2883014	2884798	-1	hypothetical protein	
2907847	2916933	9086	IslandPath-DIMOB			PHAYL_02620	2907847	2908224	-1	lipoprotein	
2907847	2916933	9086	IslandPath-DIMOB			PHAYL_02621	2908292	2908972	-1	lipoprotein	
2907847	2916933	9086	IslandPath-DIMOB			PHAYL_02622	2909774	2910289	1	hypothetical protein	
2907847	2916933	9086	IslandPath-DIMOB		xerD_11	PHAYL_02623	2910963	2912024	-1	site-specific tyrosine recombinase XerD	
2907847	2916933	9086	IslandPath-DIMOB		dnaG_12	PHAYL_02624	2912027	2915098	-1	DNA primase	
2907847	2916933	9086	IslandPath-DIMOB			PHAYL_02625	2915214	2915603	1	hypothetical protein	
2907847	2916933	9086	IslandPath-DIMOB			PHAYL_02626	2915696	2916016	1	hypothetical protein	
2907847	2916933	9086	IslandPath-DIMOB			PHAYL_02627	2916059	2916181	-1	hypothetical protein	
2907847	2916933	9086	IslandPath-DIMOB			PHAYL_02628	2916184	2916933	-1	hypothetical protein	
2907847	2916933	9086	IslandPath-DIMOB			PHAYL_02629	2916920	2919490	-1	hypothetical protein	
3276617	3291144	14527	IslandPath-DIMOB			PHAYL_02969	3276617	3276901	-1	hypothetical protein	
3276617	3291144	14527	IslandPath-DIMOB			PHAYL_02970	3277180	3277803	-1	hypothetical protein	
3276617	3291144	14527	IslandPath-DIMOB			PHAYL_02971	3277803	3278564	-1	hypothetical protein	
3276617	3291144	14527	IslandPath-DIMOB			PHAYL_02972	3278568	3279083	-1	bacteriophage gp29 protein	
3276617	3291144	14527	IslandPath-DIMOB			PHAYL_02973	3279512	3280384	-1	Rhs-related membrane protein	
3276617	3291144	14527	IslandPath-DIMOB			PHAYL_02974	3280442	3280720	-1	hypothetical protein	
3276617	3291144	14527	IslandPath-DIMOB			PHAYL_02975	3280755	3281624	-1	hypothetical protein	
3276617	3291144	14527	IslandPath-DIMOB			PHAYL_02976	3282357	3287180	-1	hypothetical protein	
3276617	3291144	14527	IslandPath-DIMOB		intA_2	PHAYL_02977	3287851	3288366	-1	phage integrase	
3276617	3291144	14527	IslandPath-DIMOB		intA_3	PHAYL_02978	3288516	3288734	-1	phage integrase	
3276617	3291144	14527	IslandPath-DIMOB		trmE	PHAYL_02979	3288906	3290306	-1	tRNA modification GTPase TrmE	
3276617	3291144	14527	IslandPath-DIMOB			PHAYL_02980	3290713	3291144	1	hypothetical protein	
5664	10427	4763	SIGI-HMM			PHAYL_00005	5664	6824	-1	hypothetical protein	
5664	10427	4763	SIGI-HMM			PHAYL_00006	6821	7762	-1	hypothetical protein	
5664	10427	4763	SIGI-HMM			PHAYL_00007	7765	8772	-1	hypothetical protein	
5664	10427	4763	SIGI-HMM			PHAYL_00008	8967	9803	-1	insertion element protein	
5664	10427	4763	SIGI-HMM			PHAYL_00009	9800	10066	-1	transposase	
5664	10427	4763	SIGI-HMM			PHAYL_00010	10164	10427	1	transposase	
323171	327890	4719	SIGI-HMM			PHAYL_00289	323171	323728	1	hypothetical protein	
323171	327890	4719	SIGI-HMM			PHAYL_00290	323951	324508	1	hypothetical protein	
323171	327890	4719	SIGI-HMM			PHAYL_00291	324496	324765	1	hypothetical protein	
323171	327890	4719	SIGI-HMM			PHAYL_00292	324679	324888	-1	hypothetical protein	
323171	327890	4719	SIGI-HMM			PHAYL_00293	325365	325919	1	hypothetical protein	
323171	327890	4719	SIGI-HMM			PHAYL_00294	326601	326948	1	hypothetical protein	
323171	327890	4719	SIGI-HMM			PHAYL_00295	327333	327890	1	hypothetical protein	
323171	327890	4719	SIGI-HMM			PHAYL_00296	327878	333127	1	hypothetical protein	
473979	484327	10348	SIGI-HMM			PHAYL_00430	473979	474509	1	hypothetical protein	
473979	484327	10348	SIGI-HMM			PHAYL_00431	474323	474838	-1	hypothetical protein	
473979	484327	10348	SIGI-HMM			PHAYL_00432	475620	476378	-1	hypothetical protein	
473979	484327	10348	SIGI-HMM			PHAYL_00433	476988	480998	1	hypothetical protein	
473979	484327	10348	SIGI-HMM			PHAYL_00434	481011	481214	1	IS3 family transposase IS1416	
473979	484327	10348	SIGI-HMM			PHAYL_00435	481266	481574	1	transposase	
473979	484327	10348	SIGI-HMM			PHAYL_00436	481688	482428	1	IS element protein	
473979	484327	10348	SIGI-HMM			PHAYL_00437	482514	482780	1	transposase	
473979	484327	10348	SIGI-HMM			PHAYL_00438	483026	483586	1	transposase	
473979	484327	10348	SIGI-HMM			PHAYL_00439	483698	484084	-1	hypothetical protein	
473979	484327	10348	SIGI-HMM			PHAYL_00440	484163	484327	-1	hypothetical protein	
743061	748694	5633	SIGI-HMM			PHAYL_00686	737458	743064	-1	hypothetical protein	
743061	748694	5633	SIGI-HMM			PHAYL_00687	743061	743822	-1	hypothetical protein	
743061	748694	5633	SIGI-HMM			PHAYL_00688	743884	744288	1	hypothetical protein	
743061	748694	5633	SIGI-HMM			PHAYL_00689	744857	745000	-1	hypothetical protein	
743061	748694	5633	SIGI-HMM			PHAYL_00690	744988	745545	-1	hypothetical protein	
743061	748694	5633	SIGI-HMM			PHAYL_00691	745688	745858	-1	hypothetical protein	
743061	748694	5633	SIGI-HMM			PHAYL_00692	745809	746627	-1	hypothetical protein	
743061	748694	5633	SIGI-HMM			PHAYL_00693	746683	747045	-1	hypothetical protein	
743061	748694	5633	SIGI-HMM			PHAYL_00694	747161	747712	-1	hypothetical protein	
743061	748694	5633	SIGI-HMM			PHAYL_00695	747783	748541	-1	hypothetical protein	
743061	748694	5633	SIGI-HMM			PHAYL_00696	748602	748694	1	hypothetical protein	
845949	850934	4985	SIGI-HMM			PHAYL_00786	845949	846881	-1	hypothetical protein	
845949	850934	4985	SIGI-HMM			PHAYL_00787	847229	848599	-1	hypothetical protein	
845949	850934	4985	SIGI-HMM			PHAYL_00788	848651	849658	-1	hypothetical protein	
845949	850934	4985	SIGI-HMM			PHAYL_00789	849846	850934	-1	hypothetical protein	
910733	915048	4315	SIGI-HMM			PHAYL_00844	910733	911170	-1	hypothetical protein	
910733	915048	4315	SIGI-HMM			PHAYL_00845	911157	911756	-1	hypothetical protein	
910733	915048	4315	SIGI-HMM			PHAYL_00846	911756	912304	-1	bacteriophage gp29 protein	
910733	915048	4315	SIGI-HMM			PHAYL_00847	912638	912904	1	transposase	
910733	915048	4315	SIGI-HMM			PHAYL_00848	912925	913725	1	transposase	
910733	915048	4315	SIGI-HMM			PHAYL_00849	913999	915048	1	hypothetical protein	
1496580	1500829	4249	SIGI-HMM			PHAYL_01411	1496580	1497632	-1	hypothetical protein	
1496580	1500829	4249	SIGI-HMM			PHAYL_01412	1497780	1498559	-1	hypothetical protein	
1496580	1500829	4249	SIGI-HMM			PHAYL_01413	1498646	1498993	-1	hypothetical protein	
1496580	1500829	4249	SIGI-HMM			PHAYL_01414	1499257	1499901	1	response regulator protein	
1496580	1500829	4249	SIGI-HMM			PHAYL_01415	1499994	1500287	-1	hypothetical protein	
1496580	1500829	4249	SIGI-HMM			PHAYL_01416	1500284	1500829	-1	hypothetical protein	
1549925	1554945	5020	SIGI-HMM		potG_1	PHAYL_01454	1548810	1549928	1	putrescine ABC transporter ATP-binding protein	
1549925	1554945	5020	SIGI-HMM		potH_1	PHAYL_01455	1549925	1550767	1	putrescine ABC transport system, permease	
1549925	1554945	5020	SIGI-HMM			PHAYL_01456	1550764	1551552	1	ABC transporter membrane protein	
1549925	1554945	5020	SIGI-HMM			PHAYL_01457	1551635	1552648	1	hydroxyproline-2-epimerase	
1549925	1554945	5020	SIGI-HMM			PHAYL_01458	1553017	1553928	1	hypothetical protein	
1549925	1554945	5020	SIGI-HMM		galU	PHAYL_01459	1554064	1554945	-1	UTP-glucose-1-phosphate uridylyltransferase	
2467046	2471200	4154	SIGI-HMM		cas1_2	PHAYL_02240	2467046	2467972	-1	CRISPR-associated endonuclease Cas1	
2467046	2471200	4154	SIGI-HMM		cas9	PHAYL_02241	2467976	2471200	-1	CRISPR-associated endonuclease Cas9	
2643984	2650342	6358	SIGI-HMM			PHAYL_02393	2643350	2643994	1	branched-chain amino acid ABC transporter ATP-binding subunit	
2643984	2650342	6358	SIGI-HMM			PHAYL_02394	2643984	2645087	-1	hypothetical protein	
2643984	2650342	6358	SIGI-HMM			PHAYL_02395	2645631	2646122	-1	hypothetical protein	
2643984	2650342	6358	SIGI-HMM			PHAYL_02396	2646278	2646655	-1	hypothetical protein	
2643984	2650342	6358	SIGI-HMM			PHAYL_02397	2646916	2648904	-1	hypothetical protein	
2643984	2650342	6358	SIGI-HMM			PHAYL_02398	2649152	2650342	-1	hypothetical protein	
2667195	2672191	4996	SIGI-HMM		emrB_2	PHAYL_02412	2667195	2668655	-1	multidrug resistance protein B	
2667195	2672191	4996	SIGI-HMM			PHAYL_02413	2668685	2669908	-1	glutaryl-CoA dehydrogenase	
2667195	2672191	4996	SIGI-HMM			PHAYL_02414	2670116	2672191	-1	hypothetical protein	
